Time,Clicks
0.6896226406097412,1
0.6530585289001465,1
0.47045326232910156,1
1.4671173095703125,1
0.8216328620910645,1
