Time,Clicks
16.01768183708191,1
0.8084065914154053,1
0.8690013885498047,1
1.164228916168213,1
1.1019957065582275,1
