Time,Clicks
2.644073247909546,1
3.8535637855529785,3
0.9953711032867432,1
1.8630177974700928,2
